dept_id,name,salary,city,state,country
e14dbf8b-bc00-44fe-be2d-f0d6c38eb06a,DEPT-72,966,Kevinfort,Louisiana,Japan
d55c648f-ad41-4db6-a33e-d3741ba09432,DEPT-99,5653059,North Matthew,Mississippi,Austria
e357388e-37a0-4d6d-b0f3-71d5d8dc647e,DEPT-61,55,New Stephanieberg,North Dakota,China
b1d79c2c-7ec6-4757-b854-5315536e2902,DEPT-66,71,North Nathan,Vermont,Timor-Leste
1c51904e-f157-4d84-bb41-905e4430b7e9,DEPT-99,2641866,Seanland,Indiana,Chad
634986a9-1e46-4795-968e-d026bc15e248,DEPT-14,9216,East Patrick,Georgia,United States Minor Outlying Islands
85eb9cf4-ed8a-42a4-944b-5c8de960f77f,DEPT-73,19596467,Wolfeport,West Virginia,Bulgaria
aa1637e9-c0be-4cfe-a422-718316568cc5,DEPT-10,80083110,Lake Sarahshire,New Jersey,Estonia
5bf9e616-8b9f-4e0d-aa30-a16d635d41d6,DEPT-72,33,North Alexisburgh,North Dakota,Botswana
91050f7d-70da-403c-8439-dc11f62c94ae,DEPT-98,550927,Michaelport,Ohio,Canada
a13cd8d1-5792-408f-b107-eb8d4eab05e1,DEPT-75,41942,Kimberlymouth,Illinois,Mayotte
2e0b4745-bf7d-4952-9da6-d776c69c4912,DEPT-95,874,New Michael,Louisiana,Guatemala
2d1a99ad-ad98-438f-a663-eaf3e3c7e76a,DEPT-65,6168,Port Brittanystad,West Virginia,Saint Barthelemy
d307cc6e-02ae-4d80-9886-8a30aa9c51f5,DEPT-42,7338,Port Barry,Colorado,Bahamas
07016511-3fce-4b9c-b001-18580ab2cc8a,DEPT-18,2014980,Ramosport,West Virginia,Niger
929bb4bd-3441-4e54-9e1b-40414d610412,DEPT-71,482317,Kington,Arizona,Zambia
6f9cc027-2b76-4ac9-b149-546ea8550ffe,DEPT-54,4,Suarezfurt,Hawaii,Moldova
fb8dd9be-9799-491d-8a34-5829b16041ae,DEPT-46,66841391,Orozcofurt,Georgia,Samoa
f7006a24-0229-4546-b054-fcebe55453b6,DEPT-32,90264304,East Christopher,Texas,Oman
f48d97b5-116b-4abf-ace3-d367e54b7dec,DEPT-98,606548,East Eric,New York,Mongolia
f9000600-06e6-44cf-9671-679f5dfa8397,DEPT-03,3918,North Chelsea,Nebraska,British Virgin Islands
f4235cc3-a28d-4ea9-b3ba-a6d1a4d7ffa3,DEPT-06,9234,Petersonville,New Mexico,Sweden
52688099-c564-4e0f-bc3c-f1434b8e05a6,DEPT-93,9088,Lake Gilbert,South Dakota,Taiwan
d8a9d040-905a-4d36-a7af-8d1cfe5513b2,DEPT-47,4,Rebeccaside,North Dakota,United States Virgin Islands
7ff7ee50-5c6e-429e-9308-e25eee4e596a,DEPT-00,26656714,Lake Jessicamouth,Connecticut,Lao People's Democratic Republic
db5d77db-0d8d-45a9-8c0f-cc493741f760,DEPT-35,129,Taylorchester,Utah,Mauritania
226ab87e-4a9f-4a82-b64a-dacd482dd7c6,DEPT-27,695269,Harrisbury,North Dakota,Qatar
21832fd9-666f-41d4-8db7-3c80be053000,DEPT-61,268269835,New Michaelburgh,New Mexico,Lao People's Democratic Republic
65bd9123-6962-4c6b-bf60-3f5064a3d731,DEPT-45,315325454,Lake Brandon,Hawaii,Lao People's Democratic Republic
475c7686-4667-43c5-8877-40670cfdddd7,DEPT-61,6249173,East Julieview,Louisiana,Netherlands Antilles
10285ec2-8e0f-4dd4-872e-771406da01f2,DEPT-53,554,Joyberg,Colorado,India
1b24139c-8c2a-4276-b6f9-3e02656649dd,DEPT-80,75921,South Matthewville,Connecticut,Solomon Islands
57e60c73-21c2-48cf-9060-0028bec58666,DEPT-14,3581506,North Christopherhaven,Nebraska,Estonia
51a21be0-d1a6-4603-bfce-db1d720a6466,DEPT-15,18,Martinview,New York,Guinea
1ff7680a-2ac6-4bea-8eb5-2f8ea92fa875,DEPT-69,62452293,West Reginaborough,Indiana,Eritrea
f474b2a4-7a55-4fde-87f2-f0b9b4817eec,DEPT-69,939,New Christine,North Carolina,Cayman Islands
f6bf99ef-6869-42f5-9041-4bd8381e8487,DEPT-73,54,North Daniel,Nevada,Seychelles
c52cca05-2a26-458a-9375-90cd8ecabfd4,DEPT-09,768,Reyeshaven,Wyoming,Turks and Caicos Islands
7e1cfa2d-ff33-47a4-8b5d-b2943170f724,DEPT-90,76776290,Brendaberg,Arkansas,Norway
d8158548-44f3-40c4-b644-d594f6d02a23,DEPT-89,161137,Vargasstad,California,Guernsey
cd7c857f-229c-4f33-8972-ec29bf28def1,DEPT-62,466,Lake Tanya,Virginia,Bolivia
eb30e9c5-52ee-493c-8a7b-97fc62d25cdd,DEPT-47,28,West Daniel,Iowa,French Polynesia
a7824dac-1682-4e26-9bba-d3d7ea559481,DEPT-32,627211,Huntfurt,Kansas,Hong Kong
001607de-602e-4245-923f-03feab3f9020,DEPT-34,30,Stonemouth,Delaware,Congo
fcf3c2eb-025b-4c6e-a502-59e952e1d178,DEPT-78,4068689,West Taylor,Massachusetts,Isle of Man
dd9fc3a8-4da8-458b-b7dd-c51794c0f70b,DEPT-22,63333,Port Amber,New Jersey,Heard Island and McDonald Islands
aa611a06-24cb-4d0b-b472-88c7eb40a537,DEPT-66,1,North Angela,Virginia,Uzbekistan
dd023068-bde6-467c-9602-81829a7b2ccb,DEPT-67,904317,Hugheston,Arizona,Germany
e37f8c06-1d91-476e-b784-480850df3070,DEPT-56,8162,Changburgh,Montana,Thailand
af5d6a0a-cd2e-47ce-9102-57f2a1095fcb,DEPT-09,1,Elizabethland,Vermont,Tonga
168c2c66-dc70-4004-a27a-01810aead726,DEPT-10,638,Lake Gregoryport,Oregon,Nepal
5a836bf6-d6f0-4e04-8268-e69a57eed520,DEPT-55,4617,Port Seanmouth,Texas,Lithuania
4d760649-ba32-4698-9d36-ff7d76deb309,DEPT-12,49336791,Lake Timothyfurt,West Virginia,Samoa
e6a8bb30-581f-444a-89a1-ecefd035bfad,DEPT-37,21,Callahanberg,Mississippi,Saint Helena
cb3edd66-91d1-4325-9fcb-7e40feb4f18a,DEPT-44,8958,New Theresa,Mississippi,China
5ff21d16-5d6f-43d0-983d-51ce8947ed68,DEPT-77,54048901,Martinezburgh,Michigan,Belarus
164cadaa-37d3-46b9-80a0-ef1fec79d76f,DEPT-64,4,Masonville,Minnesota,Slovenia
d9850d15-124e-48e8-b73b-b149649dc77b,DEPT-13,4263033,Erinmouth,New Hampshire,Jersey
97a046df-947f-4686-bbc7-a2bd2b6c4f41,DEPT-53,2314,Andreston,Pennsylvania,American Samoa
239b6990-36b7-4f36-af45-1f58cc0b79eb,DEPT-01,37738,Mayoport,South Carolina,Cyprus
36141e48-241c-4788-950a-2f46ff243a24,DEPT-10,939,North Charleston,Nebraska,Philippines
563c7e3c-40b4-4905-817c-2a9e167ad8cd,DEPT-39,3,Paulshire,South Carolina,Reunion
0afb9164-bd0d-4652-a4ee-14f4d4cc266a,DEPT-06,6,Michaelmouth,Nebraska,Sri Lanka
09c114bd-2ce2-44ee-8cd8-bc7dec891eff,DEPT-70,6782,Jacobstad,Maryland,Cook Islands
0fab6b2b-e4a1-4aa9-b4ed-f06c7d6751b0,DEPT-64,86020796,Caitlinfort,Arizona,Macao
4c5edd84-68b3-4de9-8b20-f2e6787ebec3,DEPT-99,6,Jessicaton,South Dakota,Greenland
a060f97c-fa1f-43f1-81fe-0bd7abc0c704,DEPT-29,5780,Lake Phillip,Maryland,Romania
b258bcda-ebeb-462a-87d0-978ebf4032a0,DEPT-53,7174226,East Dillon,New Jersey,Isle of Man
2e9960c5-fdcd-40e8-8cf5-bf6d40e23e6d,DEPT-56,595755600,East Andrewstad,Maryland,South Africa
93365113-12b5-4135-9483-bb3383d3f2b3,DEPT-47,6904,Mcleantown,Pennsylvania,Guinea-Bissau
c5a0bce0-ec9e-4c3a-9bed-425a2ec2f41a,DEPT-84,893,East Phyllis,Alabama,Samoa
3f60b199-e012-4754-9630-26f4223ce733,DEPT-00,1421,Haynesside,Vermont,United States of America
293b815f-10cc-4dc2-8d1d-68898e447541,DEPT-02,624851,Lake Benjamin,Idaho,Fiji
0ac081ad-55f1-4044-9ddc-21f8bc337f80,DEPT-48,2,New Gerald,Colorado,Spain
f04ec376-0adf-4108-8594-39275a8be3b5,DEPT-20,73488712,Johnside,Connecticut,Uganda
ed9a3c01-a69a-436a-9965-3dcd960d4f86,DEPT-05,405,Lake Tracy,Hawaii,Nigeria
7658d715-a1ea-4180-a317-1f3f926d89fa,DEPT-00,56673504,Kathrynland,Nebraska,Liechtenstein
ebd1153f-c2e0-4b00-8298-4290fa8b23e5,DEPT-79,534805,South Sarah,Mississippi,Tanzania
4de12eca-e810-4825-bc66-afb800e97adf,DEPT-32,12547333,Port Kevin,Colorado,Kazakhstan
386eae94-4eff-4c63-b135-1f142cf07e03,DEPT-29,59693594,North Shelia,Kansas,San Marino
7046c759-a2b2-4bdc-bb7e-d3ba6a353ac5,DEPT-13,4750,Warrenfurt,Delaware,Wallis and Futuna
abf65819-7838-48fa-a7a9-45a42066ce16,DEPT-48,199092,Dunnport,Mississippi,Mexico
3a044282-9496-43ef-b074-7ec7499f6414,DEPT-47,2354141,Lake Tina,Vermont,Hungary
9092d173-117c-4aac-ac62-ce3c6d8dfa70,DEPT-55,6,North Amberport,Iowa,Heard Island and McDonald Islands
770e34b2-8ff2-4dfc-a9ff-e6c7eec01af1,DEPT-72,42828,Carterton,California,Slovenia
a164e37e-1678-4bfb-ac19-95859e9930d6,DEPT-57,7373998,New Gina,Ohio,Malaysia
3b899b84-f569-4aa0-8ab4-3b5bfd7f0a42,DEPT-36,5505657,Bakerfort,Louisiana,French Polynesia
4c5dfde7-ebd0-48ca-afe7-fa0ab4bf4b42,DEPT-85,91032,Hunterland,Alaska,Oman
5e667a8a-22f2-48b7-930b-18730eb16b48,DEPT-91,610184799,Port Michael,Pennsylvania,Japan
79177ccd-284a-4802-b39f-17381b111672,DEPT-81,251589,North Paul,Idaho,Saudi Arabia
3c532317-7f1f-48ec-add9-58356c5edba0,DEPT-52,392024875,South Cassandra,Kansas,Venezuela
364bff01-3de7-468c-98aa-76e614cbdc11,DEPT-54,1973,Lake Patrickchester,Missouri,Italy
5990d14d-8c1b-4f8e-876f-4ec46d568cd7,DEPT-94,8675,West Stevenberg,Ohio,Mexico
a39ce206-afd7-4712-ac7e-46034e9ed26e,DEPT-46,99,East Lisa,California,Lebanon
0bfa4ef1-7bd9-4b29-9721-38db7a3f40d8,DEPT-77,64849,Kaylaberg,North Dakota,Solomon Islands
31086d4a-7aee-4aac-b0f4-900a2027b107,DEPT-33,2,Lake Austin,Virginia,Kenya
36c3238a-0be8-49e7-9ea9-bdd371647b6b,DEPT-65,655851943,Seanburgh,Nebraska,Montenegro
aa8379db-a8cb-44ae-a31f-713353f87cd1,DEPT-73,8,North Thomasville,Florida,Norway
efe311ae-a6c8-4e1e-a63d-abc8d201dce4,DEPT-13,50030038,New Monique,Florida,Suriname
b822bbc5-6198-4b51-9274-7dc6676c6ae2,DEPT-24,95549091,Anneshire,Texas,Micronesia
d1edd769-9203-4ee5-a0f0-2c0ac130c23e,DEPT-75,2252,Amybury,New York,Jamaica
1e23381e-7570-41dd-bda1-4a0500ce3e73,DEPT-61,2586,Maryland,Arkansas,Turkey
f7009fb3-de83-42b8-8e21-04a457f2ffa4,DEPT-08,17,Thomasstad,Kentucky,Samoa
e28aeb0d-24bc-40f2-a5d9-991a62d3f5fd,DEPT-14,65532067,Diazfurt,Pennsylvania,Honduras
553dfacf-fe12-4697-94b0-940573cf4a41,DEPT-10,604697,Carlmouth,Iowa,Reunion
2daf401c-3d61-4b96-be8f-8d46f2fd8e8d,DEPT-40,55798,Jocelynchester,Oklahoma,Cocos (Keeling) Islands
8fe91324-49ac-44c8-9d8c-2c5ca513e3cd,DEPT-25,1705225,North Tara,Maine,Monaco
3dad6e63-8c89-4bd5-a8b0-a955e0ffffe3,DEPT-81,52052921,South Aprilborough,Washington,Mongolia
2de75c7f-5622-4bf9-b113-cbd26d48da99,DEPT-75,0,Cookview,Louisiana,Libyan Arab Jamahiriya
e2583965-91a8-47bc-8a1d-629e17f6adf7,DEPT-77,1030512,East Jonathanton,North Carolina,Nauru
aa0bce1e-c984-4c26-8836-2e937c98132e,DEPT-60,23,North Melissa,Utah,Niger
6e1307da-d084-4eef-8116-3cce3646c80f,DEPT-74,3636,West Grace,Mississippi,Myanmar
e3859ffb-e95a-428f-b1c0-d326021bf6e7,DEPT-80,488928,North Amanda,Massachusetts,Romania
4547cfdb-128c-4ab2-bf2b-78d6517517db,DEPT-67,13,Howardshire,Louisiana,Sierra Leone
5794e2bf-3bcb-4b96-981f-edd5f1e2eb7a,DEPT-49,18742271,North Patriciashire,Wisconsin,Pakistan
04814d5c-aa96-441e-af8a-cb3d333697ac,DEPT-94,4755074,Elizabethburgh,Minnesota,Comoros
f4e970c4-a0a1-4d78-8267-dceeddf9e514,DEPT-51,431,Lake Cynthia,Connecticut,Algeria
d7572b49-7329-4bc4-a3d5-28c08202eb7c,DEPT-03,12334848,Vargasbury,Alaska,Iraq
4d109507-e064-4cd3-8463-e1430b19f08a,DEPT-13,1543108,Nicoleton,Arkansas,Russian Federation
9b9e9292-7a82-4161-a566-a121be1afe00,DEPT-41,733634,East Bryan,Texas,Iceland
bf2768a3-6bb8-4a38-a6dc-356a81217459,DEPT-70,19252,South Ericview,Florida,Burundi
30ca8f76-f792-4866-84b6-aad085d7fc4e,DEPT-90,81867152,Orrberg,Kansas,Lao People's Democratic Republic
e28513c7-eb8b-4d8f-b536-506f7eb85172,DEPT-70,90,South David,Ohio,Hungary
01efbe9a-d60e-4810-98dc-e1b770267f79,DEPT-14,73813132,Kramerborough,Indiana,Belarus
8792fe07-18c5-4b77-a309-c3e986279996,DEPT-82,118,Robertburgh,Washington,Pitcairn Islands
4c90fd0a-70d1-4854-be93-b9da8f39f024,DEPT-58,663,Port Caitlin,North Carolina,Guyana
a2d11bbd-5f2b-4116-8ed5-dbef09e9f6ae,DEPT-08,6151825,Diazberg,Iowa,Mauritius
0c5d38ad-c6ff-47a1-9c5f-fd1445bd533f,DEPT-03,2063213,Brittanyland,South Carolina,Norway
e7b7dd93-e6d3-4477-b644-4c3756c5c457,DEPT-75,4,Victorfurt,Delaware,Martinique
adc4b014-93f6-43b6-9708-e0f110f4030e,DEPT-89,763636043,New Charles,Virginia,Indonesia
cd8c6a2d-e8f8-4cce-ac8b-a101de3d58ee,DEPT-32,8,North Christopher,New Hampshire,New Caledonia
f4f382c6-b5da-401e-97a4-8c67a8272774,DEPT-45,6860356,Cassandrafort,Arkansas,Myanmar
9bae08d1-0a62-4c37-8176-803aa8fc5ef9,DEPT-78,7724429,New Rebeccaberg,North Dakota,Bermuda
592ba022-0685-452a-85ed-353926dff8b9,DEPT-78,95,East Samuelburgh,Washington,Moldova
043f5aad-0a70-40a1-87c1-106d2dcef555,DEPT-23,39085141,Taylorshire,Vermont,Uganda
35cf9f1a-3699-44d0-84bc-993420b32806,DEPT-54,82016,Nataliemouth,Rhode Island,Jersey
e37e6771-d016-4d9f-9a6c-cc5ef162a490,DEPT-57,72747310,Mosesborough,New Jersey,United States Minor Outlying Islands
cb525765-ebbd-4f13-90ae-9c24ef21cf43,DEPT-75,749886213,Jasonfurt,Minnesota,Mauritania
5fb2e2ad-db4a-489b-8b33-ca35a809fcd0,DEPT-16,650844915,Larsonville,Arkansas,Pakistan
80958f52-fa60-4584-a623-814080e26947,DEPT-11,986,West Kathy,South Carolina,American Samoa
f91bc1df-696a-4405-bbf7-37432b457841,DEPT-04,925294766,Hernandezhaven,Tennessee,Georgia
600b57a9-c3d0-4b51-8a99-b53be26eea4f,DEPT-82,4042,Jacquelinemouth,West Virginia,Taiwan
c9ddf29d-28ba-48f6-aa11-22cfbee16dcd,DEPT-27,654340,Robinview,Montana,Egypt
110e1bc9-d4e0-4e39-ac09-d1aa152c27ce,DEPT-63,0,Jamesborough,Arkansas,Nicaragua
d3be3733-aec0-46ed-9014-d5986b2881d9,DEPT-78,585880,West Matthewstad,Oregon,Micronesia
25fc9a2d-8f7c-477a-8e5f-d08c4b4ac4ad,DEPT-05,6328126,North Jessicamouth,Arizona,Finland
11ff7d13-73e3-46e1-acd2-a7e755571dbf,DEPT-92,41422,Cookhaven,Washington,United Arab Emirates
5739b71c-1769-4056-b58f-d24a511492a4,DEPT-39,5614,Gonzalesville,Florida,Egypt
d171b290-77b3-403c-967e-f9e76f79d02d,DEPT-18,2458,Thomaston,Massachusetts,Belgium
540e9052-2f0e-4b4a-9e0a-dfeabd42484a,DEPT-52,1,Port Jerry,North Dakota,Taiwan
13262d56-00f8-4196-8b00-c29763dfe57e,DEPT-74,82,North Marychester,Delaware,Venezuela
dea7cb69-d5ec-4289-9cef-f9a4e6ca0fbc,DEPT-98,697194284,East Bethany,New Mexico,Finland
360d012b-6904-475f-9631-e37c00f076e3,DEPT-60,65,Debraview,Delaware,Bahamas
aa25b7fb-2982-48c6-8e47-c9de9effd894,DEPT-70,78,New Karen,Washington,United States Minor Outlying Islands
dc4f5b8c-bfe3-4439-847b-61e1dc9cede9,DEPT-45,15,New Todd,Utah,Palestinian Territory
9691cb99-5a5b-4245-994d-82806807e521,DEPT-43,86661,Harrisland,New York,Aruba
0fc9d1ac-c607-40a9-b0ed-9a52c0928141,DEPT-51,208900,Wheelerport,Oklahoma,Romania
28b9c74c-227e-4bd5-b4a7-0e3d9e18359d,DEPT-28,517736953,East Joseph,New Hampshire,Faroe Islands
6c9048da-e0db-4315-b471-51968948bb06,DEPT-17,361496,North Ryan,Arizona,Honduras
e0f2e64b-d395-46b4-8f4f-17f196bbd103,DEPT-93,7227,Lake Joseph,Colorado,Brunei Darussalam
1da10fe8-9c3b-4dea-886a-a5d7a81f2718,DEPT-63,642,Heatherhaven,Wyoming,Madagascar
1b0afae8-9040-4172-b047-9d8458ff7c77,DEPT-79,96142584,West Patricia,New York,Burundi
67ca0923-4cd0-497a-9d94-71fdecb782a4,DEPT-98,4412886,Moralesmouth,Rhode Island,Liberia
d8b9f214-1759-4d7a-8f44-d8f722b963a5,DEPT-67,362006487,East Lisa,South Carolina,Serbia
9e560a96-aa40-43c0-abbb-64f82c116f33,DEPT-44,87095099,Christophertown,Kansas,Kyrgyz Republic
46bc3239-5c7d-4681-8671-ede4c20b1ed8,DEPT-14,116091532,South Scottfurt,Pennsylvania,Hungary
d5ab3907-dff9-4fa9-a8a1-f7ac3e3355ad,DEPT-44,342972,West Alexander,Massachusetts,Niger
0c0222e0-f566-4ecb-87b8-a0640413b7a4,DEPT-65,56466,Brianberg,South Carolina,Burkina Faso
e022376e-2abe-446b-828b-95ebeb7b6967,DEPT-11,84417878,North Stephen,Massachusetts,Cayman Islands
d184e960-6743-440d-af24-870bc009daee,DEPT-11,844983205,Kirstenstad,North Carolina,Pitcairn Islands
f604fdc4-a1b9-4f7d-ba79-0a0cca1ceeac,DEPT-76,17651265,East Phillip,Colorado,Guatemala
2fa132ef-c28d-4840-baf2-c41c18d39ad2,DEPT-24,86,Lake Rachel,Hawaii,Thailand
50ca36cf-97ff-4d62-9581-b016d1abd06f,DEPT-36,692591,Port Kimberly,Nebraska,Turks and Caicos Islands
db13f59b-bdb5-458e-81e9-945482b751fb,DEPT-95,169,Lake Sarahberg,Massachusetts,Singapore
4fd2757c-1641-4c1a-9bec-dae864b27b5c,DEPT-53,3407,Rachelberg,West Virginia,Venezuela
ea2cd7ad-f587-4f01-8a76-63116e6f2702,DEPT-78,2859136,Sarahfort,Mississippi,Guinea-Bissau
fd437df0-9e86-420d-981c-f13e970089a4,DEPT-61,1824,East Dustinside,Nevada,Isle of Man
2906f516-a05e-4480-8f9c-736825419ca8,DEPT-73,478941,Nicholasburgh,Wyoming,Monaco
30e7d60f-0f61-4b79-9031-146146ace475,DEPT-62,1,Lake Loganburgh,California,Bouvet Island (Bouvetoya)
804f367f-ebb5-4830-bf84-9affda44326c,DEPT-26,875907622,Contrerasmouth,Colorado,Mauritania
b3298e7e-6198-477e-af95-1a8043eac477,DEPT-38,60402601,Lake Brendafort,Idaho,Cook Islands
6981b6e8-2114-42d0-9324-eb1d5ff41cf5,DEPT-17,544319898,West Elizabeth,Georgia,Norway
049dbf30-26f9-42c8-9cb3-cd801c2b9802,DEPT-84,398921430,Julieville,Nevada,Jamaica
97311b6e-ff62-42db-8f0e-8feff7684ce4,DEPT-93,58762414,West Molly,Colorado,Russian Federation
9f6ceeb6-1deb-406b-b1bf-ad5f604e2694,DEPT-92,643,Patriciaview,California,Mexico
ae6c6853-5196-444f-95ca-74a6e0be00ac,DEPT-05,156971,New Timothyshire,Utah,Niue
2e081639-7309-472d-a330-353efcea36fb,DEPT-36,49419253,Loristad,New Hampshire,British Virgin Islands
aedd9618-56e4-4384-b09c-fe2fa59a69ba,DEPT-78,60,Myersstad,Arizona,United States Minor Outlying Islands
210e5dda-505a-40ff-a837-afeacf9f56da,DEPT-73,806117,West Sara,South Dakota,Mauritius
e1ef4f79-14f0-423a-a976-f54aea91ba3a,DEPT-63,675303,New Jennifer,Maryland,Bulgaria
5df33497-23b0-4634-b7dc-846a70480715,DEPT-24,477,Watsonland,Hawaii,Maldives
98cd0e91-eaad-458e-bd50-316e689ec5fe,DEPT-22,1520821,Richardfurt,Florida,Timor-Leste
fb515a62-6fa3-499a-87e1-cb3e36dfbf2a,DEPT-26,515432,New Shannonside,Missouri,Turkmenistan
1db545ef-eea3-4194-9800-2636f94898e0,DEPT-24,88774519,Nicolechester,Vermont,Serbia
a374e6e2-f92b-4e37-9cab-5900e272b5ca,DEPT-53,2,Lake Shawn,New Jersey,Cayman Islands
bf8dcbf5-b2f9-4501-9cb8-557fcdce8b79,DEPT-29,121209589,Angelaside,Montana,Trinidad and Tobago
3f26b3a6-d808-45b2-a7ef-18811324a092,DEPT-89,111634,Hannahburgh,Connecticut,Palau
33fba7ad-f261-415a-9395-a19673759b7c,DEPT-99,5230,Kimberlyport,Maryland,Suriname
6e38d259-5fd4-4a22-914c-a906a0be701a,DEPT-71,8500,Wolfmouth,Maine,Tonga
dc6b424a-0954-4e6d-adcf-b2ba7e67577e,DEPT-21,9,Campbellchester,Iowa,Kiribati
7d428e2d-53ce-4824-97c1-9ce190512e83,DEPT-88,81,Paulfort,Tennessee,Costa Rica
3858e4e5-9957-43d3-b108-e0f4b214e71a,DEPT-37,32271,Kylemouth,Nevada,Guinea-Bissau
0eaee92c-2470-4ded-a59c-6e44bf56b712,DEPT-39,29,Chambersland,Connecticut,Central African Republic
78beb6be-326c-4c21-a5b6-ff5d8ed60867,DEPT-64,64,Port Lisaside,New Mexico,Croatia
5edc3f67-a08b-41a5-9fea-d47a692974f3,DEPT-92,59294,Lake Dillonfurt,Colorado,Cameroon
191af5e1-9f81-4316-beef-3a60277cf770,DEPT-64,80069722,Gabriellamouth,North Carolina,Nepal
6ec5ac8b-193c-4aad-bf68-ee149ea4df3a,DEPT-52,39153107,Port Angelport,New York,Zimbabwe
d9fae827-8352-47a7-a39e-ace359ae4625,DEPT-88,438726990,Howardport,South Carolina,Nicaragua
0dc4114f-5675-47da-9287-f669427f440b,DEPT-63,35629971,Chelseaview,Maine,Kyrgyz Republic
7c6736d4-4f14-4838-93c7-31ee6647ecde,DEPT-86,7907257,East Wesleyhaven,Iowa,Cayman Islands
9b4310a9-f219-4f2c-aaf7-5e50f4fb60f6,DEPT-20,2985175,Port Brianfurt,North Dakota,Belgium
708a7128-a51d-482d-a8bd-54d1c98732b1,DEPT-32,48175,Lake Justin,New Hampshire,Tonga
81dbf702-d72b-446f-9743-3753cbff0746,DEPT-63,748256,South Timothy,Florida,Angola
f5e53d73-42ce-4be8-8082-b8727b620d78,DEPT-54,150362,Russellchester,Montana,Holy See (Vatican City State)
f86af01e-ad18-4685-837f-fbd4c9f6cd02,DEPT-59,423373012,Port Sharon,Kansas,Holy See (Vatican City State)
dd60afc0-cce2-445b-88c8-7c49ea0f3721,DEPT-72,6,Kevinside,Maryland,Samoa
d9ecff66-4390-4c06-a894-c6ea3777b290,DEPT-12,907371718,Rothport,Montana,Guinea-Bissau
6e117694-7b3e-47bb-8efd-3d9f4ec845b9,DEPT-86,279,New Caitlin,Kansas,Turkey
5741e787-236b-4bf2-a96f-529ef1b12000,DEPT-02,87,New Raymond,Connecticut,Vanuatu
afb26b77-4c17-4179-bfa7-646ca5d6d0f7,DEPT-58,641,Danielmouth,Iowa,Ethiopia
9121481d-a083-46e0-b6b7-85f71b7d2991,DEPT-00,11,New Nina,Nebraska,Portugal
d27d010e-1c68-426c-9704-0474c7e9d2af,DEPT-42,961247,Port Michael,Maryland,Estonia
c2a90472-3dae-4221-b92f-bea0ce2631e6,DEPT-68,4,Allenborough,Florida,Bahrain
1cdf53fb-6f2e-4185-9edf-561d192a4f34,DEPT-23,53,Maxwellland,Nevada,Solomon Islands
50ac7d04-b733-4cd2-b5d1-5a0da91841d7,DEPT-85,59,Mclaughlinside,Idaho,Brazil
720637e2-d72b-430a-8a22-79bc298636d4,DEPT-12,379,Lindaburgh,New Jersey,United States Virgin Islands
2cd0c6c3-bc67-4a20-9ae4-9e589a62510d,DEPT-12,2,Dylanton,North Dakota,Haiti
7fc3904f-160a-4100-9afd-528e0dc19bd6,DEPT-30,4359,South Amber,South Dakota,Namibia
f2d35db4-b5ec-4fc1-81a6-70bd1b74058b,DEPT-27,50518,West Phillip,Indiana,Taiwan
30815503-0c0a-4152-ab0d-05b7e5383e60,DEPT-03,756353,North Victoria,Nebraska,United States Virgin Islands
c220253d-96df-4518-8d6f-5bdbb315d7ab,DEPT-10,660989931,New Toddburgh,Minnesota,Guadeloupe
c68647c6-bfbb-4f13-bb6a-e55fac6fcd45,DEPT-53,3282552,Travisside,Delaware,Gibraltar
9f45988e-effe-4535-9fc2-e7fc9c38624a,DEPT-81,913511,North Makaylastad,New York,Macedonia
e63e1761-988b-49d7-b41c-5c2727422e1d,DEPT-37,672197287,New Daniel,New York,Mexico
aff4a88c-c6b9-41be-9ef2-67869ac90989,DEPT-64,850,Priceport,Idaho,Guam
c4437d76-0b9f-4ccd-b3ba-1e1b181d7026,DEPT-73,6,Williamsfort,Montana,Papua New Guinea
a3769fbe-d2e4-44de-bf41-f2c18b947124,DEPT-94,8027015,Lake Nicole,Oregon,Angola
6e674896-568f-40f1-a295-c74da90773f4,DEPT-59,27,Martinfurt,Idaho,Western Sahara
4118fa28-f07d-4538-93ef-d91dfa51750f,DEPT-22,76,Port Jonathonville,Delaware,Saint Helena
7c618487-e73f-4614-ade3-7bcfabbd3a6a,DEPT-83,4431,East Sean,Texas,Martinique
41553ff4-faa0-4391-b960-2a6e1d3203a2,DEPT-71,378,Lake Justinfurt,North Carolina,Iran
f222cc91-55d8-4228-9466-a6c472bb246e,DEPT-68,9594,West Luis,Missouri,India
e169a9b3-9412-4c58-8fd6-21e6bf15d3bc,DEPT-60,850,Lake Ronald,Idaho,Bangladesh
22979776-75bf-4729-a139-c5fb184876f2,DEPT-08,7411761,Christophermouth,Tennessee,Guam
de490d0e-443e-4194-b0ba-ae3bdff2fda6,DEPT-94,743265,Joelfort,Rhode Island,Central African Republic
881af344-9540-4523-a958-188b6eed4c10,DEPT-66,9289074,Danashire,South Carolina,Hungary
bd15c0da-0de9-4153-89af-074609b82863,DEPT-29,466,South Codychester,Georgia,Peru
f69f8ca0-fed6-41af-98d9-6b2275295b6f,DEPT-22,646967690,North Daniellemouth,Massachusetts,Nepal
4eacf5b2-2518-4e92-af9e-9e4a082903c6,DEPT-83,10121,Port Connor,Arizona,Benin
f621dc08-4bd5-4559-a4f1-9647e4df0883,DEPT-93,206258,West Amber,Hawaii,Micronesia
d1fb3c82-2cee-404f-b0f9-6054819076be,DEPT-35,11,Burketown,New York,Somalia
a2e6cf95-b864-47dd-a4d8-9414adbf4f02,DEPT-77,410375,New Crystalton,Tennessee,Fiji
e1e53a97-2706-4b88-8eae-79ee4298b0c2,DEPT-06,3,Warrenside,Massachusetts,Uzbekistan
259182d0-5ab1-4c11-b630-00846e25fbbd,DEPT-41,158911,Lake Andrewchester,South Dakota,Falkland Islands (Malvinas)
86f3d2ff-6bb0-4a5c-988b-052f0a5ecb61,DEPT-08,24,Zamorafort,Pennsylvania,Fiji
acd3a0c3-e8cf-440c-a5cc-166d8ecf0eea,DEPT-22,37,North Melissa,Alabama,Haiti
17ad9179-579f-41c4-abc8-4515c0a31280,DEPT-05,95791845,West David,Florida,Turkey
011bb785-c0b5-4991-966e-c749d7484609,DEPT-30,9052182,Kevinside,Oklahoma,Nepal
fa551b68-0b3f-474c-ac6e-f2a73793c83c,DEPT-90,4318146,Jacobmouth,Illinois,Taiwan
381f2ba8-a1d9-4253-824d-fab0423a0f3a,DEPT-33,4870950,Andersonland,New Mexico,Iceland
307e07bb-1003-449e-8e4d-825ab3bd47a4,DEPT-99,34106741,Tammyshire,Oregon,Qatar
6e311675-e614-432a-8f41-f597dfed0929,DEPT-67,17378,East Ann,Tennessee,Western Sahara
aedf0ce2-fff9-4455-b99c-1a3a214f42a3,DEPT-73,679344,South Daniel,Indiana,Palestinian Territory
49e120fc-ec58-4c81-a278-e979badae21b,DEPT-06,734,Bauerside,Tennessee,Finland
6b2f4767-89fa-4756-9ca7-bfd862d6832f,DEPT-06,1,Powellhaven,Maine,Egypt
d02eb59b-d0f8-49b0-a1ba-faa2ba6df664,DEPT-36,21092365,Brendatown,Missouri,Benin
aef6f95f-dc3b-449b-99d9-98a7f6d9ae58,DEPT-35,99,New Deannaberg,West Virginia,Kiribati
6035894b-6ff2-446a-8601-d0217699701f,DEPT-58,7,East Matthew,Louisiana,Hungary
e19289a8-08d2-4dba-8250-aa22d75a4c88,DEPT-58,68326,Port Timothy,Minnesota,Myanmar
de3aedb9-2b89-4a09-bd1c-3f149aae118e,DEPT-87,97168,West Cindy,Georgia,United States of America
e8ccbd08-d292-4516-b85b-1d0b2c8afaf8,DEPT-07,515052760,Lake William,Mississippi,Georgia
db092a2b-777a-4f8f-90a7-487441979bec,DEPT-57,4324833,Marcmouth,Nevada,United Kingdom
d0cc0d58-b373-4490-b27f-20587c13a4f0,DEPT-77,695773383,Nealstad,Kentucky,Lithuania
72f0a36e-2959-408b-9304-a8cb82b7b4ac,DEPT-16,6110129,Bennettland,Virginia,Palestinian Territory
0c9eae42-560a-4289-be91-fbc6c8c4ddfd,DEPT-37,697,New Christopherfurt,Utah,Botswana
595e52a6-7059-4c16-9635-45405bf78bc0,DEPT-84,546,West Shannonfurt,Pennsylvania,Vanuatu
100de4e1-cfa7-4f70-baee-7d76ef95dd4a,DEPT-89,0,Ayersbury,Massachusetts,Eritrea
c1518360-5c0d-400e-9919-1048632e2bf4,DEPT-69,296561990,Jeremyfurt,South Carolina,Madagascar
f934cc75-693e-4441-83db-58fa44cea420,DEPT-62,48323994,Craigberg,Massachusetts,Cape Verde
48563bb7-65fc-4edd-a466-77ab3fe77c2e,DEPT-35,10718,Lake Xavier,Alaska,Grenada
cbb36737-cfb4-4938-8c51-63f3af727620,DEPT-72,896479522,Lake Briana,Virginia,Paraguay
26afd3da-4d3d-4f56-922f-9fc5a0404af1,DEPT-64,32045,North Aaron,West Virginia,Namibia
730b9709-f262-45a8-984f-b0e480aded58,DEPT-37,95425,Christiantown,Kansas,Tunisia
dc5a644d-d27b-4923-983b-985b49f871b1,DEPT-32,59107938,Scottshire,Washington,French Polynesia
7da70fc0-beef-470d-98f5-c8285823d127,DEPT-35,26330157,East Sarahfort,Missouri,Madagascar
