emp_id,fname,lname,age,salary,dept_id,address,city,state,mobile_number
7092db62-c380-49f0-998f-0ab2a0f8974e,Wayne,Harris,85,885762,99223,"111 Anthony Vista Suite 143
West Stephanie, HI 61554",New Emily,Alaska,4.45E+11
9ec33702-527d-489a-b0aa-086d02258db4,Zoe,Joseph,68,96,86183,"5596 King Inlet Apt. 280
Bartlettborough, ME 24736",Jacobtown,Colorado,4.42E+11
a7f7e5b6-ea1d-4ee3-afd2-a3ac80f5dd79,Susan,Fleming,76,6,784017,"30944 Erika Garden Suite 564
New Lindseyburgh, SC 84039",Martinborough,Rhode Island,4.42E+11
f42a835f-5986-48d2-8ce4-8f9fa9850e3e,Megan,Munoz,7,521930,624158847,"5964 Lisa Locks Suite 850
Floreshaven, MO 05569",Jeremystad,Texas,9.19E+11
8085e8ea-37a6-49ab-8636-c9e2874401e6,John,Collins,78,4881308,8195,"9517 Wade Bypass
Port Craigfurt, AK 84191",Henryview,Maine,4.49E+11
793385e3-28d3-4083-85ff-e54c1969bf3a,Lisa,Flores,14,18797239,62854339,"14202 Marsh Drives Suite 267
Ashleymouth, SD 34444",Port Kennethborough,Nevada,4.46E+11
0650dabb-91b5-4449-8e29-70408e8e82dd,Stephanie,Stark,12,696713808,146434,"74222 Jackson Station
Norriston, SC 10339",Mooreburgh,Nebraska,4.46E+11
5d6b8deb-6d89-4253-9e57-e400601bbde3,Russell,Moore,24,491869650,81426053,"8062 Michael Prairie
Lynnville, FL 18217",Lake Eric,Michigan,9.19E+11
94f0a298-11a4-48a5-81e8-dde4907b4ee3,Curtis,Ryan,88,1174,63180478,"0807 Michael Motorway Apt. 122
Schmittville, MO 39314",Port Karlashire,Vermont,4.43E+11
0e66cb8f-d218-4306-9831-a8db40488271,Tina,Hanson,9,159848250,9,"7812 Lopez Bridge Suite 957
Cassandraside, ME 69854",Bryanmouth,California,9.16E+11
44b70e88-7bb4-4306-8340-f62f59cd1247,Ashley,Rhodes,26,35,583152597,"3283 Watkins Greens Suite 686
North Mariafort, KY 56841",Edwardchester,Utah,9.20E+11
e645aae5-0c4a-4f18-b387-fcc78f537a8b,Nathan,Humphrey,8,197075307,7,"86065 Kevin Springs
West Daniel, IN 55676",South Jill,Connecticut,4.42E+11
507e91e5-892d-450e-97fd-fc9c627062a9,Natasha,Hicks,29,8782,1279593,"6330 Washington Circles Apt. 800
Rodgersfort, MN 40661",New Isaiah,New Hampshire,4.49E+11
c0e6eca0-bb73-4196-b65c-0598e03d06c5,Sabrina,Smith,34,68357,19166,"432 Robert Ports
Obrienberg, HI 92214",Elliottside,Kentucky,9.11E+11
3c6661be-68f2-4cb9-8a5c-4acdede943f4,Robert,Shelton,59,13078436,1864910,"8174 Russell Locks Suite 151
Jimenezhaven, MN 37445",Patrickview,Michigan,4.49E+11
b3ca3177-c352-4b81-ae51-2334e5e68602,Rebecca,Allen,18,895,37128,"6871 Mueller Turnpike
West Patty, LA 52038",Douglasville,Wisconsin,4.44E+11
1ad43adb-c7f7-4236-91a0-dcfd1834f2fb,Angelica,Lopez,61,748407,6238148,"32224 Alec Wells Suite 649
East Ryan, OH 02187",East Jessicastad,Rhode Island,4.46E+11
b0e06232-f6f0-4088-a508-e34aab2cd401,Joseph,Brown,13,0,295394258,"511 Melissa Trail
Carrollchester, LA 52820",Savannahtown,Tennessee,9.19E+11
1845a31d-0586-4d93-bbbf-fd48e273dc3a,Ronald,Kim,8,325336,60,"PSC 2794, Box 5555
APO AA 16948",Cindyville,Montana,9.11E+11
01b84710-4d12-4a6c-abad-ff11961ab993,Christina,Chang,14,8,391,"7167 Katie Motorway
Arnoldtown, KY 56374",North Kenneth,Idaho,4.42E+11
8c3dc00b-db74-44e6-9790-ea946e4e1970,Christopher,Smith,18,45974,6266,"55510 Aaron Drive
Port Carolynton, NY 44721",Cameronland,Texas,9.18E+11
2199cb80-5960-445b-90b9-77ad3a2a8958,Casey,Proctor,61,5,724,"639 Scott Turnpike Apt. 134
Garciatown, MD 57361",West Douglastown,Delaware,9.19E+11
e16b6801-6ada-4d9b-8314-823ada588606,Jacob,Livingston,70,401090673,76230,"03299 Jason Hollow Apt. 506
Dylanshire, UT 53287",Lake Michellechester,North Carolina,9.17E+11
bc5cd6f8-6120-47a6-9642-6b243141608c,Madison,Cunningham,45,7,522034773,"505 Tiffany Forest
Cannonmouth, KY 87726",Lake Craig,Wisconsin,9.12E+11
51ea6556-628a-4e50-8a27-bb5fe7655fcd,Bruce,Roberts,90,7,45211,"PSC 5093, Box 4239
APO AE 26829",Traceymouth,Iowa,4.46E+11
453cc1c0-acc8-4795-91d6-f69a4cad5fdb,Donald,Rivera,80,14,212,"49060 Farley Wells
Madisonland, VT 13786",Rhodesview,Washington,4.46E+11
94337717-931d-481b-894b-686543635c4a,Jesse,George,9,89,88098651,"93203 Elizabeth Islands
Simpsonton, AL 78360",Cherylport,South Dakota,4.45E+11
e7c58f1b-e339-48e8-9702-d38654152b79,Craig,Lawrence,62,2755742,6393471,"9729 Jason Ports Apt. 500
Kathleentown, CT 69954",North Jacobville,Florida,4.47E+11
114f8913-c38c-4357-b8a3-c3e2515922d2,Darryl,Macias,12,93910,51364963,"5784 Jonathan Summit Apt. 649
Port Kevin, KY 60440",East Edwardhaven,North Dakota,9.18E+11
711555ec-0e8e-4452-9bf4-8aa451581a6a,Alyssa,Young,27,31,143,"760 Amy Drive
Josephton, WA 92847",Arnoldville,Illinois,9.16E+11
1e965184-7b9c-4fa4-b31b-1c3bd5c5d16f,Christopher,Johnson,79,643388292,12,"7312 Lisa Parkway
West Ariel, MA 47003",Buckleymouth,Colorado,9.12E+11
23f526aa-52bf-4f56-b7c0-fae02f90d69f,Angela,Ryan,44,510,7257505,"530 Ferguson Groves Suite 711
Davisland, CT 41454",Port Philip,Iowa,4.48E+11
5739f599-55f3-4813-9927-88057b7be5e7,Latoya,Harris,25,81,9614659,"1271 Smith Estate Apt. 259
East Eddie, OH 63433",Hudsonview,Idaho,9.15E+11
e6d8e601-4b9b-4ddf-96d7-755d524ed938,Jerry,Johnson,48,7579666,1776,"PSC 2548, Box 1503
APO AE 73648",Williamsville,Washington,9.19E+11
1da8ad4f-5b1f-4aca-9b02-df69640ab9c7,Joseph,Phillips,35,333084419,4434,"5377 Mary Light
Huertaville, NY 18963",South Brittany,Massachusetts,9.19E+11
208f0bf7-81fc-4020-9b98-ffcf1a83c41c,Jennifer,Sanchez,60,44195765,61216,"9409 Richardson Station
Karentown, ID 65418",Meyerview,Georgia,4.44E+11
cff66ee4-96ae-43a3-8806-ae2a567cb537,Gabriel,Taylor,61,245,597955,"26159 Smith Cove
Chenmouth, TN 78242",Port Michele,Idaho,9.16E+11
d8ba83e6-2629-4a13-8b2c-4416ef7588c6,Rebecca,Owens,4,561,2561,"70183 Griffin Courts
Jessicaton, NV 32245",Martinezfurt,New York,4.49E+11
f9978f1f-24d2-4354-8695-62557ca17cd7,Anita,Peters,24,943305,62,"9796 Greene Bypass
Vanessaborough, AL 99065",South Robertland,Alabama,9.17E+11
3225404e-e390-4a95-bf02-ead38717e5c0,Steven,Kent,28,6451,759986729,"4948 Amber River Apt. 591
Rodriguezborough, IA 33230",Port Tiffanybury,New York,4.47E+11
25966285-3b72-4a2f-bac5-d0a28c948484,Julie,Donovan,67,3,450981488,"4786 Nicholas Spur
North William, ME 51111",Lake William,Idaho,9.14E+11
9af41561-5ee7-4597-8c40-9767cb6d3a90,Anthony,Scott,63,21068,893470,"006 George Forges Suite 372
Powellshire, ND 14147",Dunnmouth,Nevada,4.50E+11
775aa641-af46-4d58-a007-081ed2aeca6d,Rhonda,Cunningham,81,710,12475750,"Unit 5865 Box 0877
DPO AP 76583",Brendaville,Utah,9.19E+11
0ffadfbe-f661-410c-8cf4-77cc3a622094,Chad,Zhang,1,4,25,"PSC 2625, Box 5654
APO AA 51058",Lake Stephen,Connecticut,4.42E+11
f3040079-40c8-4385-b005-ea303a96c4bb,Melissa,Reyes,11,369,85445260,"374 Brennan Landing
East Samantha, SD 36048",Holthaven,Utah,9.17E+11
71e512cc-516c-4c8d-a192-5405567b6489,Jason,Garner,72,1717,6,"493 Robinson Shoals
North Kellyville, LA 97081",South Anthony,Illinois,4.49E+11
82e9fd6d-9506-4843-822f-1c544f024e7b,Mikayla,Franco,94,153573,211898640,"167 Smith Run Apt. 381
Derrickstad, ME 78307",North Jamesport,Iowa,9.18E+11
5e5e26cb-0a90-4981-bdba-1e4618fb2638,Sean,Romero,49,7,1,"86303 Wiggins Cliffs
Lake Sheliaborough, WY 82405",Garciamouth,Kansas,9.15E+11
d6e097cc-dc82-4a01-817c-bc55b5968ee3,Amanda,Rivera,25,6,98256,"4027 Brandy Drives Apt. 780
Port Rachaelland, KS 84129",Churchville,California,4.48E+11
5d54cd5a-84b8-4e7c-b9a1-5adff5bdbdee,Robin,Barrett,13,455475,67055356,"006 Sara Stream Suite 104
Shortshire, NE 80430",West Mary,Oregon,4.42E+11
db39ebe3-8c6a-4668-8a69-3a3cfcb5e146,Kim,Dalton,64,5580,449856,"72654 Sarah Rue
West Andrew, SD 87265",New Danielle,Colorado,4.46E+11
e6942cce-ff8a-4080-ba6c-27acab431a6e,Victor,York,62,422,39156,"31814 Jon Parkways
Dorothyberg, PA 27521",Ronaldland,Alabama,4.42E+11
0fc1536a-34d1-49ce-a9c2-2de004a7ad8d,Nicholas,Higgins,24,5249745,17517179,"0898 Roy Skyway Suite 741
Douglasmouth, LA 75094",Lake Ambershire,Missouri,4.45E+11
ceb730f3-4fc6-4a51-bce7-6d3f11867db8,Whitney,Wilcox,35,92,2802543,"79902 Robert Hill Suite 547
Gutierreztown, DE 11145",Norrisberg,New Mexico,9.19E+11
0f016fce-c8df-4fc4-8e5e-4568e837049a,Alison,Collins,30,119,332068,"65004 Matthew Trail
New Andrew, IL 57484",Port Debbieside,Wisconsin,9.19E+11
5089c839-4525-431f-9a89-9ddeeefa4442,Cathy,Rodriguez,96,6,7993,"1071 Joel Groves
Jenniferland, CT 66792",Lake Melissa,New York,9.19E+11
ad0e5095-b4e4-4366-9a13-43036eccd04e,Ian,Smith,82,28314910,1527,"228 Carney Cove
South Tammyburgh, MT 03390",Rangelhaven,North Carolina,9.15E+11
e4c5bf7e-f93b-44a2-b49f-2b969fcbcaeb,Kathleen,Marquez,73,1,978,"291 Frank Curve Apt. 953
New William, UT 32914",New Edward,Virginia,9.13E+11
afc7f107-9d7b-4e3a-9d7d-7db3c7aae6fa,Thomas,Wilkerson,86,15346250,234,"13731 Bennett Cliff Suite 857
East Sarahfurt, AZ 13704",South Kelly,Montana,9.12E+11
34bb6159-437a-4e01-906a-c0a6f14ccf2d,Ashley,Schmidt,94,90,2978781,"54028 John Isle
Lake Alexandrafort, VT 11905",South Corey,Connecticut,4.50E+11
ffaff3b5-1e3b-481f-9c09-3d92824b4929,Amy,Vargas,75,3272,9707,"004 Mary Bypass
East Jason, OR 71529",Valerieview,Massachusetts,4.43E+11
7f5c83ba-3d7e-4824-8dee-c52dc248d073,Nicole,Herman,10,47810,8899,"Unit 1203 Box 5743
DPO AA 23363",West Charles,Virginia,4.46E+11
0928452d-a0d3-4a53-a4ff-e9477b986d31,Cynthia,Taylor,19,69,135,"363 Keith Inlet
West Stephaniehaven, MI 83824",Phillipsland,Iowa,9.18E+11
81424a40-25a5-4877-a827-87639482e7e1,Cynthia,White,12,104,8197,"1965 Young Port Apt. 778
Lake Katelyn, PA 06164",Lake Marvin,Oregon,4.42E+11
c1109144-bc12-4de6-965a-8215e958dcf5,Jesse,Parker,57,9417557,66318520,"28624 Andrea Branch
West Amber, UT 43060",New Heather,Arizona,9.19E+11
f35964b8-f5d5-431e-bcde-ae460a23eea6,Daniel,Cross,59,65051,341,"569 Stout Springs
North Janiceborough, TX 54324",Williamsside,Iowa,9.13E+11
8b0ab4d4-065b-4452-8ca1-d1db8162446c,John,Rogers,27,7471,57760086,"08475 Dakota Branch
Conniemouth, SD 32908",New Ryanstad,California,9.12E+11
52031dd8-9598-4171-aa9b-5d42237e39e2,Kevin,Skinner,32,459,7564721,"PSC 6466, Box 0761
APO AP 55785",Jacquelinefurt,New Mexico,4.44E+11
48cfb33d-2331-438c-8c82-935305eb8423,Paul,Thomas,24,189778422,2601,"0259 Atkinson Island Suite 512
South Rachel, WY 16854",Tammyton,Washington,4.42E+11
e502b128-5693-49ff-9a11-067e5cbaf20e,Aaron,Williams,4,4429,3,"2544 Robin Pass Apt. 621
Lake Tracy, AR 64719",South Ann,California,9.18E+11
3d6194b8-e6e4-4b28-96b2-279934882ed7,April,Smith,18,9499038,7643,"PSC 0245, Box 5175
APO AP 04408",Bradleyberg,Rhode Island,4.42E+11
26f39e77-4275-4dbd-ac20-777c5e193a26,Anna,Joseph,9,4880,12614796,"466 Williams Meadow
Pricemouth, OK 97683",Langberg,Washington,4.46E+11
828fe823-1e16-45c4-8ea7-2a8b5ff50567,Kyle,Morales,68,13,8621,"0942 Christopher Dam
West Johnnymouth, CT 99398",Lake Laura,Wyoming,4.48E+11
af374795-5e33-4946-afda-1bf91225d92d,Sherry,Whitney,62,41,89637041,"PSC 0484, Box 9385
APO AE 99288",Valerieview,California,4.43E+11
89821dbd-5b8c-48ae-a54e-de00b53362dd,Peter,Moss,60,90559,5,"064 William Forge Suite 319
Jasonton, NV 76983",New Vickie,Oregon,9.17E+11
e85e1bee-d5b1-4fd8-b056-d5567e09fcda,Karen,Johnson,89,895,462,"USNS Hunter
FPO AA 50579",Lake Anne,Minnesota,4.47E+11
a3e8488c-2acc-45fa-9cfb-f519f0a59898,Anna,Davis,49,3419288,3720368,"6968 Bowen Villages
Besthaven, ME 37829",Lake Daniel,Massachusetts,9.16E+11
617c9054-2f2d-4181-bcc7-a77801b4116c,Rita,Atkinson,39,7698,8148,"6182 Amanda Shoals Suite 259
South Benjamin, AL 39886",Robinsonmouth,Maryland,4.46E+11
03a11acb-19e8-450c-b108-45249f1b7af6,Jerome,Stokes,64,1491,9,"4651 Leach Alley Suite 025
Johnsonberg, AK 77205",Port Johnberg,Maryland,4.44E+11
91dbee7f-bc67-4f60-8812-f2e4ab3847c3,John,Martinez,80,2542983,25,"98615 Julie Court
Mclaughlinside, DE 86045",Port Kimberly,Pennsylvania,9.13E+11
b35d5462-f24e-44b2-b37f-118b959138f1,Sarah,Roberts,97,735,9287,"835 Romero Dale Apt. 895
Patrickmouth, NE 07569",New Melissa,Rhode Island,9.13E+11
c519a824-8ad2-4a8e-90b4-79636cd7e917,Thomas,Lang,7,60737809,71501993,"7680 Mack Corner
North Danielle, WV 25895",South Jennifer,Kansas,9.17E+11
8a4a0014-2be3-4fab-a04f-6c2d35d73e82,Annette,Walsh,27,319816994,95500,"27874 Stephen Causeway Apt. 284
Vaughnfurt, OK 71222",Sarahhaven,Arizona,4.43E+11
ce4f5544-8f3f-411e-9f45-55e37e25a84b,Alan,Barnes,96,324444947,76600,"603 Bailey Burgs Suite 171
Torresside, DC 58755",Port Vanessahaven,Nebraska,4.45E+11
b18ea350-96d7-4fb4-b489-14aa541a47f2,Richard,Anderson,93,946431,28723308,"8705 Kelsey Turnpike
New Robert, AK 26943",Franciscostad,Delaware,4.43E+11
49592833-75c2-47ef-9f9c-5326f503cefd,Eileen,Nelson,13,67,359894804,"USS Tanner
FPO AE 18901",Lake Jason,Hawaii,9.11E+11
65665308-d7b0-48ae-a53c-a43aec307392,Mark,Rodriguez,41,746,3,"497 Zimmerman Pass
Medinabury, MN 21081",Hobbsshire,Oklahoma,9.15E+11
f19b8bbb-0934-415c-a645-8956af046c95,Felicia,Massey,61,892,4,"64442 Clayton Run Apt. 971
Hayesberg, GA 85657",North Kimberly,Texas,9.20E+11
c4640922-3844-4462-9a22-551a244b1150,Manuel,Schneider,39,84467301,86,"9787 Barry Cove
North Mark, ID 97368",Coreystad,Florida,4.44E+11
25243a97-4fd1-4fce-9ffb-01cc1298074a,Deborah,Hooper,74,49133,554,"9513 Bennett Views
Carlosport, NE 89918",New Richard,Delaware,9.14E+11
ff0b1b9d-9252-4d48-b77c-ffc61d4df7c4,Amanda,Smith,47,370190337,1309813,"301 Lopez Corners Suite 934
Lambertview, MO 73455",Beckermouth,Indiana,4.44E+11
31cadfb3-cbad-4bd5-9bb8-4cc2a7978914,Yesenia,Gomez,75,59509089,4253,"9063 Martin Lodge Suite 018
West Robertville, ND 01728",Lake Justin,Mississippi,9.20E+11
2dd535d0-25aa-45c2-bf6b-e0b482197b6a,Marissa,Douglas,18,83231903,1,"5132 Christine Loop
Port Patrickton, RI 75719",Josephchester,Kansas,4.47E+11
22418877-94cf-45f8-99d6-a982999f1747,Tyrone,Johnson,17,484763079,5129411,"Unit 3157 Box 4853
DPO AE 92683",East Malikland,New Jersey,9.11E+11
ae81e14b-1731-4eb7-bce4-5aeb638230bd,Robert,Gordon,39,3277068,4323917,"USCGC Salazar
FPO AA 78074",East Michaelburgh,South Dakota,9.11E+11
cea92668-5948-4b61-bff9-8174dc42861b,Mark,Nguyen,78,5,298092,"428 Corey Club Suite 476
Schmittbury, OH 31355",Port Corey,New York,4.49E+11
311c40f7-8cf3-428f-935f-ece61d9cf604,Timothy,Holder,88,597859,30064,"499 Hudson Keys Suite 685
West Monicatown, NE 52538",Debraville,Arizona,4.49E+11
85b4fff7-90ba-4e78-9ef1-7edcea6c31c9,Troy,Hunt,90,97081,87873076,"1441 Cheryl Roads
North Stephanie, SC 24047",Rodriguezmouth,Oklahoma,4.42E+11
829c4f0f-0ce8-4a16-988f-1b1ba7e36e54,Lawrence,Boyd,57,240,25,"05732 Smith Summit Apt. 920
Hoganport, DC 15540",West George,Kansas,4.45E+11
9d16a418-7331-4023-bb7b-ddb58977262a,Dustin,Turner,58,8,752313512,"USNS Hunter
FPO AA 98160",North Marilynburgh,Nebraska,9.13E+11
6e49f1ed-f9d6-40af-a3a4-0dbb169b3904,Karen,Morrison,89,4875596,5629,"8476 Jenna Haven
New Nicholasmouth, MO 07509",Bradleymouth,Mississippi,9.19E+11
9fca9728-f95c-4643-ab40-d0930d656245,Marcus,Frazier,88,343108853,7863341,"14204 Stacey Radial
Tylershire, AL 05529",East Debbiestad,Iowa,4.43E+11
b9b510b7-5a42-45c6-9b16-53c84c67cdc2,Teresa,Bryant,79,394427154,30354,"Unit 9576 Box 1819
DPO AP 56382",Jenniferside,Iowa,9.17E+11
a072c7aa-7a71-4fd3-8999-5b1d29332a83,Joseph,James,23,9,729609,"7943 Luis Cliffs
New Joannfort, UT 74640",Port Philiphaven,Oregon,4.45E+11
06a965b8-b334-4863-992f-59644efdcb09,Stephanie,Wilson,85,507564207,2,"8418 Melissa Viaduct
East Kimberlymouth, MI 82775",Port Melissa,Kansas,4.47E+11
925f4ee8-aa4e-48e7-b568-405fa5425a2e,Jason,Martin,90,222,494,"68615 Christopher Point Apt. 709
Schaefermouth, MO 50126",Jeanshire,Texas,4.49E+11
9b8cf731-d12c-470e-b835-86294b141355,Jason,Barron,70,5,443408705,"USNV Hall
FPO AP 53702",Anthonyborough,New York,4.45E+11
174b0683-3bbc-4628-8a9b-8f60c245c21a,Nicholas,Green,74,821550,881,"405 Margaret Fork
South Ellenmouth, MA 78338",Port Billy,Rhode Island,9.19E+11
acd2c2d0-eb68-4798-ae34-69d1c1b34101,Noah,Pena,29,64,7438,"339 Heather Highway Apt. 105
Rogerstown, RI 79249",Andersonstad,Arizona,4.44E+11
3f1edf98-de0a-4ed2-ace0-0a9830fda616,Russell,Flores,14,691,28547,"331 Bryant Mews
North Amanda, KY 95513",East John,Rhode Island,4.47E+11
aa6ffc6d-3fa2-4a5e-9991-45868c44eb4f,Brian,Young,54,4928,19354619,"3947 Jamie Fords Suite 803
West Douglasview, NH 58727",Lake Ashley,Massachusetts,9.13E+11
a8df0cd9-59d1-4dde-9df4-8b481d78cb8c,Olivia,Adams,45,830179,6,"5915 Anderson Center Apt. 949
East Jeffrey, OK 57070",Lake Douglasville,Arkansas,9.18E+11
7cdf5916-8173-4bd4-be7b-d60fae29d1ea,Rose,Coleman,43,51069778,4,"990 Ramirez Island
East Jessicaview, ND 93782",Mcintyretown,Iowa,9.15E+11
3395c1cc-b735-44e6-926d-8302f76f1b08,Albert,Taylor,4,57656,738,"393 Carpenter Shoal Apt. 018
Sharonville, HI 08526",Hansenhaven,Nebraska,9.14E+11
0c2b696e-bbcb-44c1-b785-54a730c65ae3,Keith,Love,24,71575990,157027,"7436 Wilson Springs Apt. 700
Clarkport, AZ 49865",Loweland,Michigan,4.50E+11
371f0519-6796-44b7-a938-c46fe114926b,Kimberly,Mccall,77,302,938,"26249 Brittany Tunnel
Andrewmouth, NM 19096",Paceview,Wisconsin,9.16E+11
4ea44c7b-51d5-413b-8eed-c4491427b3ac,Caroline,Martinez,60,69143447,344183682,"366 Crystal Fall Apt. 742
Bryanstad, UT 59008",Batesburgh,Arkansas,9.14E+11
569cfba7-2dc4-40e0-a7db-b1288e2b83c0,Sandra,Dean,64,4,65,"000 Sherri Pike Apt. 478
East Amanda, NE 43032",Port Richardtown,Wisconsin,9.14E+11
6c5a70c2-5352-48db-971d-efbbc206e0a6,Hannah,Snyder,18,668,38558,"Unit 9069 Box 1075
DPO AE 42160",North Diane,New Jersey,4.43E+11
de270a98-3440-406a-97f3-0c267cc8abc0,Stefanie,Miller,73,1863429,38,"3723 Melinda Wells Suite 638
West Richard, OR 41621",North Krystalfort,Iowa,4.41E+11
94cc7e7c-8eda-4422-a483-6bbf2db98421,Maria,Mccall,47,85199046,38,"60455 Carpenter Grove
North Wesleybury, VT 24915",Woodmouth,Ohio,9.13E+11
8a83e85a-9882-4c92-ab83-162fc26d4041,Valerie,Alvarado,23,96781,3815770,"Unit 5427 Box 7054
DPO AA 77364",Lake Michael,Nevada,9.20E+11
731eb654-2ee4-4759-ba85-0d9722c43c43,Barbara,Williams,71,5137719,352402,"3930 Donna Valley
Castillomouth, PA 53565",Andersonburgh,Iowa,9.16E+11
cde83876-1ee6-4f28-a93b-321159b039f6,Rachel,Walter,64,88,6,"64042 Tracey Extensions
North Jasonburgh, OR 43196",Ellisonton,Arkansas,9.18E+11
59927518-17d0-4806-b20b-b0dde8f7faf0,Charles,Castillo,96,80,74564425,"651 Martin Forest Apt. 408
North Nicole, MA 08983",New Pamela,Delaware,9.17E+11
e90f9521-119d-4dad-a77e-68d0babd401b,Leslie,Kelly,26,87,373,"918 Carolyn Lock Suite 059
North Susan, WV 93235",Garyshire,Hawaii,4.42E+11
cd34a631-56ce-4355-a91b-76391aa65b96,Brandon,Brown,93,93645,737949,"69522 Taylor Circles
South Kimberly, NE 13463",South Juan,Louisiana,9.14E+11
7de8f2b2-5de4-41ca-ad1f-8eb00c332aab,Donna,Richardson,74,33554590,85639,"9733 Carr Village
West Randall, NV 03099",West Mark,Wisconsin,4.44E+11
0c1eadd5-6201-4e36-a977-418dda2313cb,Susan,Mendoza,14,191494450,14116,"3159 Murphy Walks
New Eric, SD 55355",West Sarah,Delaware,4.46E+11
2272a1c4-7a0c-4957-8860-9d2619738f80,Nicholas,Hawkins,93,206816576,8959550,"PSC 4001, Box 2927
APO AE 67747",North Erinhaven,Texas,4.46E+11
c6096104-5a46-4013-9859-b47f9737174e,Jasmine,Oconnell,8,2579549,5070,"044 Melissa Stream Apt. 520
East Amanda, OR 32651",Loriville,Wisconsin,9.17E+11
4a94f1d9-f0f1-4d60-97b5-ad9000f6898c,Keith,Bennett,24,585,32342,"28690 Jennings Springs Suite 752
Port Holly, WV 66824",Georgeshire,Hawaii,4.49E+11
c4661248-7f14-4393-b3b0-42fa25007581,Greg,Miller,94,5099,470,"338 Charles Harbor Apt. 412
Lake Brittanychester, NC 31775",West Willieton,New Hampshire,4.47E+11
cd12e4f4-053b-4d01-85fe-cba310ab8764,Gina,Blackwell,84,840076141,2035,"33083 Todd Ports
South Monicafort, MO 76354",Gregoryview,Oregon,4.50E+11
0ba1dce4-80fd-49f3-93bf-d7932e133a06,Michael,Hernandez,96,68554926,237259,"54850 Thomas Mountain Apt. 870
New Anthonybury, AZ 97827",Port Meganborough,Indiana,9.14E+11
a2d83b92-a833-46a7-9155-da9d132b4d9c,Kaitlyn,Carlson,60,5433,78261,"5020 Jessica Well
South Travisbury, DC 45616",Williamchester,Arizona,9.14E+11
7dea38f3-eac0-40c4-aec7-02d5d90773ef,Jerry,Santana,100,1818,8357,"USNV Khan
FPO AE 50092",North Martha,Montana,4.41E+11
bd6f5ff0-7032-46ab-81ec-9dbc56395e40,Justin,Elliott,54,54194637,62274,"Unit 0208 Box 5038
DPO AP 34536",East Timfort,Wisconsin,4.42E+11
bd3c5d00-60af-4d3f-9268-b096e7a03e59,Kristina,Harris,78,795041820,151993094,"222 Darryl Route
Susanstad, RI 76432",East Ryanborough,Vermont,4.49E+11
aef10c35-c54d-411c-bc2b-88be0a048570,Kevin,Macdonald,18,224789264,457986151,"4516 Green Plain Suite 685
Natalieton, MT 75623",South Angela,New Hampshire,9.11E+11
5505369e-c39e-4ec1-a51a-c641a8c24833,Emily,Goodwin,29,31365,4,"6609 Hill Rest Apt. 538
South Stephanieburgh, HI 48569",West Davidview,Tennessee,9.16E+11
879ef5c5-a833-41eb-a1d8-539ebf4651c7,Darren,Parker,47,475823,23186914,"3820 Hubbard Rest
Alanside, KS 28605",Woodston,South Dakota,4.48E+11
51794af1-a6de-4250-a25a-845a114f265e,Angela,Velez,34,288933235,577229536,"0520 Derek Stream
Lake Angelaside, SC 32521",Robertview,Vermont,4.49E+11
09ef4739-12a0-4321-943c-2341f9082d05,Lisa,Scott,72,2761,786,"25542 Norton Gardens Apt. 800
South Sandrafort, VT 95366",South Bryanshire,Wisconsin,9.15E+11
8320d584-cd4a-4159-8506-ddd6ff4c5a77,Amy,Nelson,62,7405,4388861,"7748 Lisa Fall Apt. 162
Edwinland, MS 91335",North Peter,Wyoming,9.12E+11
6d9e3842-6c2a-4326-b8dd-7793e55c7915,Jonathan,Tran,21,1,615,"060 Donna Tunnel Apt. 805
Edwardsburgh, NC 63993",Hardyborough,Wyoming,9.18E+11
297e37a6-e231-479c-b49c-50616bd1fdea,Matthew,Jackson,71,550952095,7609,"154 Kimberly Fork
West Vanessahaven, HI 77873",Lake George,Arkansas,4.49E+11
c07494a8-3a0c-4872-8b8e-cba5cb068f41,Alyssa,Williams,21,422925752,61,"4612 Travis Common
Househaven, SC 70553",Richmondburgh,Colorado,9.17E+11
1d576c01-485f-4b33-ab3c-d674a3bfcbee,Michael,Miller,93,4,985288007,"0776 Valerie Key
New Annaborough, IN 24817",Angelchester,Virginia,9.14E+11
4318194d-65f0-4545-b556-31433ed949e5,Maria,Martinez,21,92,8917732,"987 Thomas Passage Apt. 117
Johntown, WY 42043",Doyleland,Montana,9.20E+11
4d040139-319f-45d2-8125-e4b4a59119b7,Susan,Mcintosh,99,3,147,"USS Roman
FPO AP 23648",Romeroshire,Oklahoma,9.18E+11
cfe2a73b-b8ac-4ec5-abee-f3789d6c2042,Michael,Manning,16,702424053,7,"92229 Ross Orchard Apt. 711
West Zachary, MN 58463",Mossberg,Arizona,4.42E+11
65d27501-da92-47fb-80ae-6bb0fb5dc92c,Adam,Decker,87,9,85845,"0252 Joseph Tunnel Apt. 627
New Brian, WV 92092",North Mitchellchester,Nebraska,4.47E+11
2f3009f9-2033-4731-9509-dbd932c364d9,Nicholas,Ray,19,279057,4,"206 Pamela Ways
Jenniferbury, NY 75909",New Kennethport,Washington,9.20E+11
3cbea3b4-c2b0-40be-9e1f-ba107bcd18f3,Amy,Wilson,87,45832,2,"98175 Mary Well Suite 577
Anthonyview, NY 68870",Heatherborough,Georgia,4.44E+11
53fdb479-df7a-4f3f-bbbb-37716fba4771,Brenda,Golden,42,43344273,411393548,"Unit 9560 Box 6791
DPO AE 62897",East Jacquelinechester,Idaho,9.11E+11
b9869342-27f4-48c4-a079-dcb9a20c479a,Lori,Hammond,16,96,14476,"4683 Robert Mountain
Annetteton, SD 69920",Franklinborough,Idaho,9.15E+11
7fb75220-bef2-4f95-a537-7c9e19ca7599,Matthew,Ward,38,31,3373,"05873 Sanders Station Suite 463
Johnsonport, CO 21636",New Luis,Rhode Island,9.14E+11
c600e51b-9b9c-41a5-8273-43638fb3aad5,Suzanne,Chapman,54,3312996,4,"25410 Gonzalez Park
Port Nathanielview, NM 09366",Erinmouth,Alabama,9.18E+11
35eb76b9-c513-492e-af6c-98fe57ecd604,Barbara,Smith,71,5060,20,"335 White Stream Suite 909
East Olivia, WV 12760",Port Melinda,Mississippi,4.49E+11
9b03b5b4-7aa2-4865-95a1-1375886e37d4,Timothy,Kerr,24,941,8758716,"9193 Robert Pine
West Shelia, MA 80509",North Lisa,Nebraska,4.43E+11
f7e452b4-bb20-489d-854d-d9f582aef43a,Glenn,Franklin,30,94767174,627,"144 Tracey Island Apt. 698
Yodermouth, TX 75585",Floresland,Alaska,9.17E+11
e18ac044-ec32-4d9d-bed7-880e2c874003,Kyle,Rodriguez,98,6,7271,"PSC 9711, Box 2875
APO AP 38368",Zacharymouth,Washington,9.15E+11
630b4e63-98be-4be6-a089-9b3d217d845b,Michelle,Pittman,62,24067,621,"777 Bailey Village Suite 531
North Robert, MN 66699",Taylorshire,Minnesota,4.44E+11
7b3ebc52-0c26-40cd-a506-b6bee711dd95,Margaret,Dominguez,93,50033,0,"USNS Whitaker
FPO AA 67687",Lake Daniel,Illinois,9.13E+11
954df1f9-6740-460d-9b3e-07116d8453a1,Kristin,Ayers,96,117344489,8840,"2562 Russell Wall
North Juan, DE 03984",Jacksonberg,Oklahoma,9.17E+11
9d85227d-3371-4b43-8777-e6a19567dd45,Thomas,Smith,55,65611887,2387493,"728 Smith Meadow
North Matthewstad, OK 53120",Davishaven,Oklahoma,4.46E+11
585f24c6-5538-4630-81c1-f6ded9fe68db,Barbara,Smith,61,88348348,78686,"5937 Williams Road
West Jillside, NC 70980",Murilloshire,Tennessee,4.43E+11
542aeea4-8ace-48d0-8369-20f21cb65349,William,Lewis,98,972664,607,"74016 Leah Isle Suite 447
Johnsonbury, NV 34696",Robinsonside,Pennsylvania,9.13E+11
19aa2658-1a42-4eb9-8e9a-2122f81ce1a3,Robert,Cabrera,98,792923,49,"858 Cody Mission
Port Laurie, UT 55416",Lake Emily,Montana,9.18E+11
449970aa-f1db-47b7-8e7b-e66b1b9f3c97,Rebecca,Herring,97,24083,4,"9913 Katherine Mission
Barrettfort, MT 70045",North Christopherton,Delaware,9.16E+11
b317cfa8-dc40-481f-a76f-2fc89851a6e6,Jared,Dixon,67,988,45465837,"77396 Ryan Centers Apt. 462
Draketon, SC 72419",Jamieville,Colorado,9.12E+11
13e246ca-f7a1-413c-8bef-560000569f56,Jared,Thompson,15,9870,51915,"59257 Anderson Park
Kristinborough, IA 32768",Davisshire,Connecticut,4.44E+11
4613188d-2481-4e28-a006-c0522226cf11,Christina,Torres,20,965445615,9,"1669 Teresa Lake Apt. 446
Samanthaside, IA 99841",Waterston,Alabama,4.49E+11
fad849bb-422a-4621-add2-28218fcda168,Kristin,Bentley,82,907639879,25478801,"8276 Anthony Road
Lake Jeffreyburgh, VT 07100",Zacharyburgh,Kansas,4.48E+11
9ff14b6c-51e9-4858-be7e-4e1f9a3d779e,Linda,Brown,30,72304,9,"USNS Perez
FPO AA 64494",Donnashire,Ohio,9.17E+11
c9c2ee02-b325-46de-9689-a8e500b3b923,Douglas,Sharp,41,8,493,"84129 Brian Light Apt. 581
West Barbara, NY 55098",Port Kylestad,Michigan,9.13E+11
77f99c28-b5db-4c29-9ed0-856847d6cc48,Alexa,Williams,19,71442,351308,"10674 Soto Meadows Suite 416
Kellyburgh, AR 81308",Port Amyville,Colorado,9.19E+11
b00b641f-f829-4fa7-baae-66953c7a49b5,Jennifer,Davis,95,5,904,"PSC 2708, Box 6998
APO AA 35672",Weberside,Maine,4.47E+11
847db123-2c21-4b35-b1c1-b007b00799f7,Jeffrey,Reyes,55,40202851,1230,"3193 Lane Viaduct Suite 297
Mcleanfort, IN 69474",West Sharonside,Florida,9.15E+11
8c7f7796-4904-4c35-8c71-701596e9c4c6,Matthew,Stone,26,6,72,"16546 Cameron Trafficway Apt. 804
North Jessicaville, LA 02633",Lake Jessica,Oklahoma,4.49E+11
3016a995-e8a2-494b-8d6f-07c0f9728fc7,Manuel,Hall,33,9613,78289767,"Unit 9207 Box 0352
DPO AP 88621",Lake Jennifer,Connecticut,9.11E+11
bd001983-862f-4265-8517-2ec90db19d3e,Jared,Johnston,94,5522608,674821429,"USNV Jones
FPO AE 72794",West Blake,Washington,9.19E+11
819bb448-8fe8-4821-8d3c-a1834609e974,Sheri,Flores,55,657,50791012,"95417 Meyer Pine Apt. 959
Dylanview, AK 78419",East Rebecca,Nebraska,9.17E+11
52c3bf76-c6e7-4492-8e82-001e2ce17387,Melissa,Lopez,86,5737,8661,"786 Robert Path
Kirbyville, GA 28273",Margaretmouth,Georgia,4.45E+11
c4790997-e892-4ce7-8151-0c86098d0013,Brandon,Mcdowell,24,60,5,"Unit 2297 Box 0824
DPO AP 08349",Mooremouth,Kentucky,9.19E+11
ba65fdb9-fca9-491a-aa49-2e2c7d170ad6,Frank,Myers,75,75,3862923,"63705 Sandra Trail
Courtneyview, IA 81839",West Sydney,Montana,4.43E+11
63f26fc6-1224-4647-99e1-64d889ec3344,Amy,Buck,67,6219,974,"7583 Rivera Trail
North Patrickside, KS 46395",North Paula,Ohio,4.44E+11
8b57cae5-b33f-437a-8919-239d45eacc5d,Cindy,Gibson,90,40054087,561111798,"925 Campbell Oval
New Ninashire, SD 49807",Port Tonyahaven,Kentucky,9.12E+11
c06213db-b6f6-43b7-b28f-473785379829,Matthew,Bailey,78,883228999,988720,"PSC 4233, Box 0838
APO AP 35421",West Kenneth,California,4.45E+11
e593fe18-71e1-4725-a34d-764661914298,Curtis,Taylor,24,9139,42271987,"17591 Kristen Squares
North Megan, TX 86176",Rodriguezchester,Arizona,4.45E+11
7f931589-5051-4548-a1f8-64c9bc4bd54f,Brandon,Johnston,35,9,3872,"89441 Gray Oval
South Jakebury, TN 42351",East Jessica,Indiana,4.47E+11
7c5abebe-a9d1-4c05-9402-589ea3db7144,Elizabeth,Keith,66,345774558,45247,"9839 Wood Roads Suite 824
Toddfort, DE 07145",Mclaughlinberg,Georgia,4.48E+11
1c8ca6d1-7d45-42e3-8a7d-8126934cd53f,Diane,Wheeler,32,55,731,"2742 Thompson Plains
Courtneyton, ID 82936",West Debra,Texas,4.44E+11
b0f95f07-2095-4c8e-a0f7-4265a70691cd,Tiffany,Patel,27,26868102,79940625,"469 Denise Heights
New Alisonside, DC 84943",New Samanthamouth,Missouri,9.14E+11
04e62bb8-21c6-4de5-94cf-1b6a929d5a3b,Fernando,Sanchez,63,60221143,95821008,"825 Matthew Unions Apt. 207
Kevinside, WV 77212",Perezborough,Pennsylvania,4.42E+11
a4bae383-2216-4f51-a358-573c40f6d272,Steven,Whitaker,3,96,41859654,"34868 Wong Corner Suite 333
Lake Kimberlyville, IL 08248",New Frank,Vermont,9.18E+11
f8ca37c5-7830-4a53-acc8-88cd31020f17,Jeffrey,Marshall,91,528617,25,"9780 Dennis Divide Suite 585
South Dylanstad, NJ 23780",Lewisburgh,Montana,9.13E+11
f9e9b68d-be83-42ae-8f47-574379000ff3,John,Bailey,30,11,3377693,"1457 Sellers Glens Suite 367
Jasmineport, NC 60762",South David,Florida,4.43E+11
